Month,EmployeeKey,ActualSales,EmployeeID,Salesperson,Target,Achievement_%,Variance
2017-07-01,281,63762.89,841560125,Michael Blythe,100000.0,63.76288999999999,-36237.11
2017-07-01,282,5475.95,191644724,Linda Mitchell,100000.0,5.475949999999999,-94524.05
2017-07-01,283,46695.58,615389812,Jillian Carson,,,
2017-07-01,284,9109.199999999999,234474252,Garrett Vargas,100000.0,9.1092,-90890.8
2017-07-01,285,104419.22,716374314,Tsvi Reiter,100000.0,104.41922,4419.220000000001
2017-07-01,286,24432.56,61161660,Pamela Ansman-Wolfe,200000.0,12.21628,-175567.44
2017-07-01,287,59708.39,139397894,Shu Ito,100000.0,59.70839,-40291.61
2017-07-01,288,106251.69,399771412,José Saraiva,100000.0,106.25169000000001,6251.690000000002
2017-07-01,289,69472.92,987554265,David Campbell,100000.0,69.47291999999999,-30527.08
2017-08-01,272,20544.67,502097814,Stephen Jiang,1500000.0,1.3696446666666666,-1479455.33
2017-08-01,281,108543.01000000001,841560125,Michael Blythe,500000.0,21.708602000000003,-391456.99
2017-08-01,282,270964.65,191644724,Linda Mitchell,450000.0,60.21436666666668,-179035.34999999998
2017-08-01,283,267762.44,615389812,Jillian Carson,100000.0,267.76244,167762.44
2017-08-01,284,156636.32,234474252,Garrett Vargas,200000.0,78.31816,-43363.67999999999
2017-08-01,285,302889.3,716374314,Tsvi Reiter,200000.0,151.44465,102889.29999999999
2017-08-01,286,153058.64,61161660,Pamela Ansman-Wolfe,400000.0,38.264660000000006,-246941.36
2017-08-01,287,34096.25,139397894,Shu Ito,200000.0,17.048125,-165903.75
2017-08-01,288,160457.42,399771412,José Saraiva,200000.0,80.22871,-39542.57999999999
2017-08-01,289,65119.32,987554265,David Campbell,200000.0,32.55966,-134880.68
2017-09-01,272,2039.99,502097814,Stephen Jiang,1000000.0,0.203999,-997960.01
2017-09-01,281,132449.59,841560125,Michael Blythe,400000.0,33.1123975,-267550.41000000003
2017-09-01,282,182616.16,191644724,Linda Mitchell,500000.0,36.523232,-317383.83999999997
2017-09-01,283,141197.28,615389812,Jillian Carson,100000.0,141.19728,41197.28
2017-09-01,284,41701.49,234474252,Garrett Vargas,300000.0,13.900496666666665,-258298.51
2017-09-01,285,138208.88,716374314,Tsvi Reiter,300000.0,46.06962666666667,-161791.12
2017-09-01,286,13837.1,61161660,Pamela Ansman-Wolfe,600000.0,2.3061833333333333,-586162.9
2017-09-01,287,283627.04000000004,139397894,Shu Ito,300000.0,94.54234666666667,-16372.959999999963
2017-09-01,288,161899.25,399771412,José Saraiva,300000.0,53.96641666666666,-138100.75
2017-09-01,289,68755.67,987554265,David Campbell,300000.0,22.918556666666667,-231244.33000000002
2017-10-01,281,107815.83,841560125,Michael Blythe,400000.0,26.9539575,-292184.17
2017-10-01,282,5957.97,191644724,Linda Mitchell,200000.0,2.9789849999999998,-194042.03
2017-10-01,283,93361.01,615389812,Jillian Carson,100000.0,93.36101,-6638.990000000005
2017-10-01,284,35469.33,234474252,Garrett Vargas,300000.0,11.82311,-264530.67
2017-10-01,285,139223.75,716374314,Tsvi Reiter,100000.0,139.22375,39223.75
2017-10-01,286,57740.93,61161660,Pamela Ansman-Wolfe,400000.0,14.4352325,-342259.07
2017-10-01,287,98870.19,139397894,Shu Ito,300000.0,32.95673,-201129.81
2017-10-01,288,199539.92,399771412,José Saraiva,300000.0,66.51330666666667,-100460.07999999999
2017-10-01,289,106853.78,987554265,David Campbell,400000.0,26.713445000000004,-293146.22
2017-11-01,272,6341.5599999999995,502097814,Stephen Jiang,2200000.0,0.2882527272727272,-2193658.44
2017-11-01,281,173840.68,841560125,Michael Blythe,1000000.0,17.384068,-826159.3200000001
2017-11-01,282,389310.7,191644724,Linda Mitchell,750000.0,51.90809333333334,-360689.3
2017-11-01,283,396569.91000000003,615389812,Jillian Carson,200000.0,198.284955,196569.91000000003
2017-11-01,284,197482.15,234474252,Garrett Vargas,300000.0,65.82738333333333,-102517.85
2017-11-01,285,445850.99,716374314,Tsvi Reiter,300000.0,148.61699666666667,145850.99
2017-11-01,286,288668.81,61161660,Pamela Ansman-Wolfe,800000.0,36.083601249999994,-511331.19
2017-11-01,287,131414.17,139397894,Shu Ito,300000.0,43.80472333333334,-168585.83
2017-11-01,288,185035.03,399771412,José Saraiva,300000.0,61.67834333333333,-114964.97
2017-11-01,289,111240.91,987554265,David Campbell,400000.0,27.8102275,-288759.08999999997
2017-12-01,281,165336.79,841560125,Michael Blythe,1000000.0,16.533679,-834663.21
2017-12-01,282,289492.89,191644724,Linda Mitchell,750000.0,38.599052,-460507.11
2017-12-01,283,302420.21,615389812,Jillian Carson,200000.0,151.210105,102420.21000000002
2017-12-01,284,32773.74,234474252,Garrett Vargas,300000.0,10.924579999999999,-267226.26
2017-12-01,285,252005.99,716374314,Tsvi Reiter,500000.0,50.401198,-247994.01
2017-12-01,286,69681.68,61161660,Pamela Ansman-Wolfe,800000.0,8.710209999999998,-730318.3200000001
2017-12-01,287,280694.17,139397894,Shu Ito,500000.0,56.138833999999996,-219305.83000000002
2017-12-01,288,225890.36000000002,399771412,José Saraiva,300000.0,75.29678666666668,-74109.63999999998
2017-12-01,289,85139.26,987554265,David Campbell,500000.0,17.027852,-414860.74
2018-01-01,281,124082.56,841560125,Michael Blythe,300000.0,41.36085333333333,-175917.44
2018-01-01,282,5895.67,191644724,Linda Mitchell,100000.0,5.89567,-94104.33
2018-01-01,283,64192.81,615389812,Jillian Carson,50000.0,128.38562,14192.809999999998
2018-01-01,284,27721.91,234474252,Garrett Vargas,150000.0,18.481273333333334,-122278.09
2018-01-01,285,140581.53,716374314,Tsvi Reiter,150000.0,93.72102,-9418.470000000001
2018-01-01,286,41067.76,61161660,Pamela Ansman-Wolfe,200000.0,20.53388,-158932.24
2018-01-01,287,80098.53,139397894,Shu Ito,100000.0,80.09853,-19901.47
2018-01-01,288,136171.37,399771412,José Saraiva,150000.0,90.78091333333333,-13828.630000000005
2018-01-01,289,93417.4,987554265,David Campbell,100000.0,93.4174,-6582.600000000006
2018-02-01,272,61206.46,502097814,Stephen Jiang,1750000.0,3.497512,-1688793.54
2018-02-01,281,155830.99,841560125,Michael Blythe,400000.0,38.957747499999996,-244169.01
2018-02-01,282,380521.91000000003,191644724,Linda Mitchell,500000.0,76.104382,-119478.08999999997
2018-02-01,283,319638.7,615389812,Jillian Carson,150000.0,213.09246666666667,169638.7
2018-02-01,284,113239.59,234474252,Garrett Vargas,175000.0,64.70833714285715,-61760.41
2018-02-01,285,311908.01,716374314,Tsvi Reiter,150000.0,207.93867333333336,161908.01
2018-02-01,286,190103.06,61161660,Pamela Ansman-Wolfe,500000.0,38.020612,-309896.94
2018-02-01,287,78892.29000000001,139397894,Shu Ito,200000.0,39.446145,-121107.70999999999
2018-02-01,288,163392.55,399771412,José Saraiva,175000.0,93.36717142857142,-11607.450000000012
2018-02-01,289,126060.9,987554265,David Campbell,300000.0,42.0203,-173939.1
2018-03-01,272,18307.71,502097814,Stephen Jiang,1500000.0,1.2205139999999999,-1481692.29
2018-03-01,281,128000.9,841560125,Michael Blythe,500000.0,25.60018,-371999.1
2018-03-01,282,205046.33000000002,191644724,Linda Mitchell,500000.0,41.009266000000004,-294953.67
2018-03-01,283,267190.03,615389812,Jillian Carson,150000.0,178.1266866666667,117190.03000000003
2018-03-01,284,85482.03,234474252,Garrett Vargas,200000.0,42.741015,-114517.97
2018-03-01,285,167507.92,716374314,Tsvi Reiter,150000.0,111.67194666666667,17507.920000000013
2018-03-01,286,50762.71,61161660,Pamela Ansman-Wolfe,1000000.0,5.076271,-949237.29
2018-03-01,287,237589.99000000002,139397894,Shu Ito,300000.0,79.19666333333333,-62410.00999999998
2018-03-01,288,231555.86,399771412,José Saraiva,200000.0,115.77792999999998,31555.859999999986
2018-03-01,289,63836.79,987554265,David Campbell,200000.0,31.918395,-136163.21
2018-04-01,272,33406.63,502097814,Stephen Jiang,750000.0,4.454217333333333,-716593.37
2018-04-01,281,143767.74,841560125,Michael Blythe,500000.0,28.753547999999995,-356232.26
2018-04-01,282,3762.2400000000002,191644724,Linda Mitchell,200000.0,1.8811200000000001,-196237.76
2018-04-01,283,110803.11,615389812,Jillian Carson,50000.0,221.60622,60803.11
2018-04-01,284,39176.04,234474252,Garrett Vargas,225000.0,17.411573333333333,-185823.96
2018-04-01,285,153853.11000000002,716374314,Tsvi Reiter,150000.0,102.56874,3853.110000000015
2018-04-01,286,26018.24,61161660,Pamela Ansman-Wolfe,200000.0,13.009120000000001,-173981.76
2018-04-01,287,91488.27,139397894,Shu Ito,200000.0,45.744135,-108511.73
2018-04-01,288,188997.04,399771412,José Saraiva,225000.0,83.99868444444445,-36002.95999999999
2018-04-01,289,91738.56,987554265,David Campbell,100000.0,91.73856,-8261.440000000002
2018-05-01,281,172429.52,841560125,Michael Blythe,600000.0,28.73825333333333,-427570.48
2018-05-01,282,401776.44,191644724,Linda Mitchell,750000.0,53.570192000000006,-348223.56
2018-05-01,283,464190.61000000004,615389812,Jillian Carson,200000.0,232.09530500000005,264190.61000000004
2018-05-01,284,172638.25,234474252,Garrett Vargas,200000.0,86.319125,-27361.75
2018-05-01,285,375132.88,716374314,Tsvi Reiter,200000.0,187.56644,175132.88
2018-05-01,286,252120.55000000002,61161660,Pamela Ansman-Wolfe,750000.0,33.61607333333333,-497879.44999999995
2018-05-01,287,103508.45,139397894,Shu Ito,400000.0,25.8771125,-296491.55
2018-05-01,288,212021.48,399771412,José Saraiva,200000.0,106.01074000000001,12021.48000000001
2018-05-01,289,115901.69,987554265,David Campbell,450000.0,25.755931111111114,-334098.31
2018-06-01,272,60980.78,502097814,Stephen Jiang,1500000.0,4.065385333333333,-1439019.22
2018-06-01,281,134935.4,841560125,Michael Blythe,500000.0,26.987079999999995,-365064.6
2018-06-01,282,146343.85,191644724,Linda Mitchell,400000.0,36.5859625,-253656.15
2018-06-01,283,270633.58999999997,615389812,Jillian Carson,200000.0,135.31679499999998,70633.58999999997
2018-06-01,284,24978.83,234474252,Garrett Vargas,225000.0,11.101702222222224,-200021.16999999998
2018-06-01,285,134904.58,716374314,Tsvi Reiter,200000.0,67.45228999999999,-65095.42000000001
2018-06-01,286,58977.11,61161660,Pamela Ansman-Wolfe,1250000.0,4.7181688,-1191022.89
2018-06-01,287,154052.45,139397894,Shu Ito,500000.0,30.81049,-345947.55
2018-06-01,288,124745.65,399771412,José Saraiva,225000.0,55.4425111111111,-100254.35
2018-06-01,289,26699.66,987554265,David Campbell,175000.0,15.256948571428572,-148300.34
2018-07-01,272,3575.71,502097814,Stephen Jiang,1750000.0,0.20432628571428574,-1746424.29
2018-07-01,281,421440.99,841560125,Michael Blythe,750000.0,56.192131999999994,-328559.01
2018-07-01,282,112241.15,191644724,Linda Mitchell,800000.0,14.030143749999999,-687758.85
2018-07-01,283,402575.43,615389812,Jillian Carson,250000.0,161.030172,152575.43
2018-07-01,284,6650.3099999999995,234474252,Garrett Vargas,500000.0,1.3300619999999999,-493349.69
2018-07-01,285,177941.5,716374314,Tsvi Reiter,150000.0,118.62766666666667,27941.5
2018-07-01,286,99316.07,61161660,Pamela Ansman-Wolfe,700000.0,14.18801,-600683.9299999999
2018-07-01,287,170371.19,139397894,Shu Ito,500000.0,34.074238,-329628.81
2018-07-01,288,82046.63,399771412,José Saraiva,500000.0,16.409326,-417953.37
2018-07-01,289,201474.96,987554265,David Campbell,300000.0,67.15831999999999,-98525.04000000001
2018-07-01,291,635731.8,668991357,Jae Pak,200000.0,317.8659,435731.80000000005
2018-07-01,292,98193.11,134219713,Ranjit Varkey Chudukatil,75000.0,130.92414666666667,23193.11
2018-08-01,272,55678.33,502097814,Stephen Jiang,2950000.0,1.8874010169491524,-2894321.67
2018-08-01,281,443964.32,841560125,Michael Blythe,850000.0,52.231096470588234,-406035.68
2018-08-01,282,650254.38,191644724,Linda Mitchell,1200000.0,54.187865,-549745.62
2018-08-01,283,406918.96,615389812,Jillian Carson,300000.0,135.63965333333334,106918.96000000002
2018-08-01,284,329324.46,234474252,Garrett Vargas,500000.0,65.86489200000001,-170675.53999999998
2018-08-01,285,320528.07,716374314,Tsvi Reiter,200000.0,160.264035,120528.07
2018-08-01,286,232870.13999999998,61161660,Pamela Ansman-Wolfe,1250000.0,18.6296112,-1017129.86
2018-08-01,287,251234.14,139397894,Shu Ito,500000.0,50.246828,-248765.86
2018-08-01,288,109302.24,399771412,José Saraiva,500000.0,21.860448,-390697.76
2018-08-01,289,144741.03,987554265,David Campbell,500000.0,28.948206,-355258.97
2018-08-01,290,73780.65,982310417,Amy Alberts,300000.0,24.593549999999997,-226219.35
2018-08-01,291,332029.39,668991357,Jae Pak,300000.0,110.67646333333334,32029.390000000014
2018-08-01,292,265288.35,134219713,Ranjit Varkey Chudukatil,150000.0,176.85889999999998,115288.34999999998
2018-09-01,272,523.78,502097814,Stephen Jiang,2650000.0,0.019765283018867923,-2649476.22
2018-09-01,281,387548.48,841560125,Michael Blythe,750000.0,51.673130666666665,-362451.52
2018-09-01,282,411475.14,191644724,Linda Mitchell,1200000.0,34.289595,-788524.86
2018-09-01,283,457822.64,615389812,Jillian Carson,250000.0,183.129056,207822.64
2018-09-01,284,89599.44,234474252,Garrett Vargas,500000.0,17.919888,-410400.56
2018-09-01,285,174198.82,716374314,Tsvi Reiter,200000.0,87.09941,-25801.179999999993
2018-09-01,286,97559.83,61161660,Pamela Ansman-Wolfe,1750000.0,5.574847428571428,-1652440.17
2018-09-01,287,416804.05,139397894,Shu Ito,500000.0,83.36081,-83195.95000000001
2018-09-01,288,209046.02,399771412,José Saraiva,500000.0,41.809204,-290953.98
2018-09-01,289,11293.720000000001,987554265,David Campbell,200000.0,5.646860000000001,-188706.28
2018-09-01,291,474699.78,668991357,Jae Pak,400000.0,118.674945,74699.78000000003
2018-09-01,292,164074.91,134219713,Ranjit Varkey Chudukatil,250000.0,65.629964,-85925.09
2018-10-01,272,56210.83,502097814,Stephen Jiang,1500000.0,3.747388666666667,-1443789.17
2018-10-01,281,319343.44,841560125,Michael Blythe,800000.0,39.91793,-480656.56
2018-10-01,282,99103.08,191644724,Linda Mitchell,800000.0,12.387885,-700896.92
2018-10-01,283,333684.41,615389812,Jillian Carson,200000.0,166.84220499999998,133684.40999999997
2018-10-01,284,3025.7200000000003,234474252,Garrett Vargas,500000.0,0.6051440000000001,-496974.28
2018-10-01,285,144638.36,716374314,Tsvi Reiter,200000.0,72.31917999999999,-55361.640000000014
2018-10-01,286,82909.22,61161660,Pamela Ansman-Wolfe,600000.0,13.818203333333335,-517090.78
2018-10-01,287,95051.09,139397894,Shu Ito,500000.0,19.010218,-404948.91000000003
2018-10-01,288,63443.87,399771412,José Saraiva,500000.0,12.688774,-436556.13
2018-10-01,289,156877.85,987554265,David Campbell,250000.0,62.75114000000001,-93122.15
2018-10-01,291,393949.42,668991357,Jae Pak,100000.0,393.94942,293949.42
2018-10-01,292,55939.64,134219713,Ranjit Varkey Chudukatil,50000.0,111.87928000000001,5939.639999999999
2018-11-01,272,2709.61,502097814,Stephen Jiang,2500000.0,0.1083844,-2497290.39
2018-11-01,281,439157.92,841560125,Michael Blythe,1000000.0,43.915791999999996,-560842.0800000001
2018-11-01,282,578474.72,191644724,Linda Mitchell,800000.0,72.30934,-221525.28000000003
2018-11-01,283,365959.86,615389812,Jillian Carson,200000.0,182.97993,165959.86
2018-11-01,284,224910.66,234474252,Garrett Vargas,500000.0,44.982132,-275089.33999999997
2018-11-01,285,249243.9,716374314,Tsvi Reiter,200000.0,124.62195,49243.899999999994
2018-11-01,287,215469.32,139397894,Shu Ito,500000.0,43.093864,-284530.68
2018-11-01,288,136752.51,399771412,José Saraiva,500000.0,27.350502000000006,-363247.49
2018-11-01,289,143856.28,987554265,David Campbell,550000.0,26.155687272727274,-406143.72
2018-11-01,290,12648.09,982310417,Amy Alberts,300000.0,4.21603,-287351.91
2018-11-01,291,283397.57,668991357,Jae Pak,300000.0,94.46585666666667,-16602.429999999993
2018-11-01,292,180623.74,134219713,Ranjit Varkey Chudukatil,150000.0,120.41582666666666,30623.73999999999
2018-11-01,293,221792.54,90836195,Tete Mensa-Annan,350000.0,63.36929714285715,-128207.45999999999
2018-12-01,272,80477.79000000001,502097814,Stephen Jiang,1750000.0,4.598730857142858,-1669522.21
2018-12-01,281,223032.22,841560125,Michael Blythe,1000000.0,22.303222,-776967.78
2018-12-01,282,272719.41,191644724,Linda Mitchell,800000.0,34.08992625,-527280.5900000001
2018-12-01,283,351327.72,615389812,Jillian Carson,150000.0,234.21847999999997,201327.71999999997
2018-12-01,284,80795.55,234474252,Garrett Vargas,500000.0,16.159110000000002,-419204.45
2018-12-01,285,150094.16,716374314,Tsvi Reiter,200000.0,75.04708,-49905.84
2018-12-01,286,47246.23,61161660,Pamela Ansman-Wolfe,1750000.0,2.6997845714285718,-1702753.77
2018-12-01,287,274753.63,139397894,Shu Ito,500000.0,54.950726,-225246.37
2018-12-01,288,166015.7,399771412,José Saraiva,500000.0,33.203140000000005,-333984.3
2018-12-01,289,10236.31,987554265,David Campbell,150000.0,6.824206666666665,-139763.69
2018-12-01,291,409224.27,668991357,Jae Pak,200000.0,204.612135,209224.27000000002
2018-12-01,292,87995.01,134219713,Ranjit Varkey Chudukatil,50000.0,175.99002,37995.009999999995
2018-12-01,293,34287.66,90836195,Tete Mensa-Annan,350000.0,9.796474285714286,-315712.33999999997
2019-01-01,281,229456.62,841560125,Michael Blythe,250000.0,91.782648,-20543.380000000005
2019-01-01,282,73709.34,191644724,Linda Mitchell,400000.0,18.427335,-326290.66000000003
2019-01-01,283,272262.19,615389812,Jillian Carson,100000.0,272.26219000000003,172262.19
2019-01-01,284,2852.51,234474252,Garrett Vargas,250000.0,1.1410040000000001,-247147.49
2019-01-01,285,123080.83,716374314,Tsvi Reiter,100000.0,123.08083,23080.83
2019-01-01,286,71863.61,61161660,Pamela Ansman-Wolfe,800000.0,8.98295125,-728136.39
2019-01-01,287,94995.71,139397894,Shu Ito,250000.0,37.998284000000005,-155004.28999999998
2019-01-01,288,36790.56,399771412,José Saraiva,200000.0,18.39528,-163209.44
2019-01-01,289,111175.24,987554265,David Campbell,100000.0,111.17524,11175.240000000005
2019-01-01,291,257972.14,668991357,Jae Pak,50000.0,515.9442799999999,207972.14
2019-01-01,292,34522.09,134219713,Ranjit Varkey Chudukatil,25000.0,138.08835999999997,9522.089999999997
2019-01-01,293,9911.17,90836195,Tete Mensa-Annan,100000.0,9.91117,-90088.83
2019-02-01,272,97301.66,502097814,Stephen Jiang,1500000.0,6.486777333333333,-1402698.34
2019-02-01,281,193254.45,841560125,Michael Blythe,750000.0,25.767260000000004,-556745.55
2019-02-01,282,532880.39,191644724,Linda Mitchell,500000.0,106.576078,32880.390000000014
2019-02-01,283,305970.38,615389812,Jillian Carson,200000.0,152.98519,105970.38
2019-02-01,284,120320.53,234474252,Garrett Vargas,350000.0,34.377294285714285,-229679.47
2019-02-01,285,212956.07,716374314,Tsvi Reiter,150000.0,141.97071333333332,62956.07000000001
2019-02-01,287,155368.18,139397894,Shu Ito,500000.0,31.073636,-344631.82
2019-02-01,288,121294.92,399771412,José Saraiva,300000.0,40.43164,-178705.08000000002
2019-02-01,289,94079.9,987554265,David Campbell,300000.0,31.359966666666665,-205920.1
2019-02-01,290,29648.98,982310417,Amy Alberts,150000.0,19.765986666666667,-120351.02
2019-02-01,291,233804.31,668991357,Jae Pak,150000.0,155.86954,83804.31
2019-02-01,292,113541.73,134219713,Ranjit Varkey Chudukatil,50000.0,227.08345999999997,63541.729999999996
2019-02-01,293,175651.69,90836195,Tete Mensa-Annan,200000.0,87.825845,-24348.309999999998
2019-03-01,281,260647.46,841560125,Michael Blythe,500000.0,52.129492,-239352.54
2019-03-01,282,164573.0,191644724,Linda Mitchell,600000.0,27.428833333333337,-435427.0
2019-03-01,283,186234.16,615389812,Jillian Carson,100000.0,186.23416,86234.16
2019-03-01,284,68726.79000000001,234474252,Garrett Vargas,350000.0,19.636225714285715,-281273.20999999996
2019-03-01,285,126003.55,716374314,Tsvi Reiter,200000.0,63.001775,-73996.45
2019-03-01,286,34427.25,61161660,Pamela Ansman-Wolfe,500000.0,6.88545,-465572.75
2019-03-01,287,186556.11,139397894,Shu Ito,500000.0,37.311222,-313443.89
2019-03-01,288,115840.99,399771412,José Saraiva,400000.0,28.9602475,-284159.01
2019-03-01,289,4244.1,987554265,David Campbell,200000.0,2.12205,-195755.9
2019-03-01,290,1308.94,982310417,Amy Alberts,200000.0,0.6544700000000001,-198691.06
2019-03-01,291,325541.25,668991357,Jae Pak,200000.0,162.770625,125541.25
2019-03-01,292,59855.82,134219713,Ranjit Varkey Chudukatil,50000.0,119.71164,9855.82
2019-03-01,293,30335.5,90836195,Tete Mensa-Annan,200000.0,15.16775,-169664.5
2019-04-01,272,43633.78,502097814,Stephen Jiang,1750000.0,2.493358857142857,-1706366.22
2019-04-01,281,315433.95,841560125,Michael Blythe,750000.0,42.057860000000005,-434566.05
2019-04-01,282,88516.99,191644724,Linda Mitchell,700000.0,12.645284285714286,-611483.01
2019-04-01,283,401224.64,615389812,Jillian Carson,100000.0,401.22464,301224.64
2019-04-01,284,8091.44,234474252,Garrett Vargas,450000.0,1.7980977777777778,-441908.56
2019-04-01,285,172666.74,716374314,Tsvi Reiter,200000.0,86.33337,-27333.26000000001
2019-04-01,286,49349.549999999996,61161660,Pamela Ansman-Wolfe,600000.0,8.224924999999999,-550650.45
2019-04-01,287,87939.12,139397894,Shu Ito,300000.0,29.313039999999997,-212060.88
2019-04-01,288,47236.41,399771412,José Saraiva,450000.0,10.49698,-402763.58999999997
2019-04-01,289,155484.74,987554265,David Campbell,150000.0,103.65649333333333,5484.739999999991
2019-04-01,290,968.4200000000001,982310417,Amy Alberts,100000.0,0.9684200000000001,-99031.58
2019-04-01,291,431455.25,668991357,Jae Pak,100000.0,431.45525,331455.25
2019-04-01,292,56947.23,134219713,Ranjit Varkey Chudukatil,50000.0,113.89446000000001,6947.230000000003
2019-04-01,293,9485.09,90836195,Tete Mensa-Annan,200000.0,4.742545,-190514.91
2019-05-01,272,5255.26,502097814,Stephen Jiang,2000000.0,0.262763,-1994744.74
2019-05-01,281,376632.0,841560125,Michael Blythe,500000.0,75.3264,-123368.0
2019-05-01,282,615217.05,191644724,Linda Mitchell,800000.0,76.90213125000001,-184782.94999999995
2019-05-01,283,383768.62,615389812,Jillian Carson,200000.0,191.88431,183768.62
2019-05-01,284,215202.18,234474252,Garrett Vargas,450000.0,47.82270666666666,-234797.82
2019-05-01,285,212648.79,716374314,Tsvi Reiter,150000.0,141.76586,62648.79000000001
2019-05-01,287,194265.37,139397894,Shu Ito,750000.0,25.90204933333333,-555734.63
2019-05-01,288,69047.66,399771412,José Saraiva,450000.0,15.343924444444445,-380952.33999999997
2019-05-01,289,106781.25,987554265,David Campbell,350000.0,30.508928571428573,-243218.75
2019-05-01,290,43180.87,982310417,Amy Alberts,150000.0,28.787246666666665,-106819.13
2019-05-01,291,253207.29,668991357,Jae Pak,150000.0,168.80486000000002,103207.29000000001
2019-05-01,292,188371.72,134219713,Ranjit Varkey Chudukatil,100000.0,188.37172,88371.72
2019-05-01,293,219059.52,90836195,Tete Mensa-Annan,300000.0,73.01983999999999,-80940.48000000001
2019-06-01,272,1466.01,502097814,Stephen Jiang,200000.0,0.733005,-198533.99
2019-06-01,281,327715.99,841560125,Michael Blythe,750000.0,43.69546533333333,-422284.01
2019-06-01,282,264240.31,191644724,Linda Mitchell,900000.0,29.360034444444445,-635759.69
2019-06-01,283,277959.85,615389812,Jillian Carson,200000.0,138.97992499999998,77959.84999999998
2019-06-01,284,80738.18,234474252,Garrett Vargas,450000.0,17.94181777777778,-369261.82
2019-06-01,285,148992.63,716374314,Tsvi Reiter,100000.0,148.99263,48992.630000000005
2019-06-01,286,32210.25,61161660,Pamela Ansman-Wolfe,800000.0,4.02628125,-767789.75
2019-06-01,287,238160.2,139397894,Shu Ito,650000.0,36.64003076923077,-411839.8
2019-06-01,288,79195.88,399771412,José Saraiva,400000.0,19.79897,-320804.12
2019-06-01,289,2802.57,987554265,David Campbell,150000.0,1.8683800000000002,-147197.43
2019-06-01,290,51365.08,982310417,Amy Alberts,200000.0,25.68254,-148634.91999999998
2019-06-01,291,362867.08,668991357,Jae Pak,200000.0,181.43354,162867.08000000002
2019-06-01,292,87055.78,134219713,Ranjit Varkey Chudukatil,100000.0,87.05578,-12944.220000000001
2019-06-01,293,35479.44,90836195,Tete Mensa-Annan,300000.0,11.82648,-264520.56
2019-07-01,281,249177.96,841560125,Michael Blythe,500000.0,49.835592,-250822.04
2019-07-01,282,321478.99,191644724,Linda Mitchell,1000000.0,32.147898999999995,-678521.01
2019-07-01,283,264651.42,615389812,Jillian Carson,200000.0,132.32571,64651.419999999984
2019-07-01,284,17713.04,234474252,Garrett Vargas,500000.0,3.542608,-482286.96
2019-07-01,285,171310.47,716374314,Tsvi Reiter,100000.0,171.31046999999998,71310.47
2019-07-01,286,115105.40000000001,61161660,Pamela Ansman-Wolfe,1200000.0,9.592116666666668,-1084894.6
2019-07-01,287,367168.93,139397894,Shu Ito,1000000.0,36.716893,-632831.0700000001
2019-07-01,288,155252.69,399771412,José Saraiva,500000.0,31.050538,-344747.31
2019-07-01,289,172652.75,987554265,David Campbell,300000.0,57.550916666666666,-127347.25
2019-07-01,290,3711.95,982310417,Amy Alberts,300000.0,1.2373166666666666,-296288.05
2019-07-01,291,488041.23,668991357,Jae Pak,200000.0,244.020615,288041.23
2019-07-01,292,55775.84,134219713,Ranjit Varkey Chudukatil,50000.0,111.55168,5775.8399999999965
2019-07-01,293,105317.08,90836195,Tete Mensa-Annan,300000.0,35.105693333333335,-194682.91999999998
2019-07-01,295,187479.84,954276278,Rachel Valdez,150000.0,124.98656,37479.84
2019-07-01,296,54329.44,758596752,Lynn Tsoflias,50000.0,108.65888000000001,4329.440000000002
2019-08-01,272,130269.22,502097814,Stephen Jiang,2500000.0,5.2107688,-2369730.78
2019-08-01,281,453349.19,841560125,Michael Blythe,500000.0,90.669838,-46650.81
2019-08-01,282,662737.32,191644724,Linda Mitchell,1000000.0,66.273732,-337262.68000000005
2019-08-01,283,347038.98,615389812,Jillian Carson,300000.0,115.67965999999998,47038.97999999998
2019-08-01,284,273312.43,234474252,Garrett Vargas,550000.0,49.69316909090909,-276687.57
2019-08-01,285,279350.53,716374314,Tsvi Reiter,200000.0,139.675265,79350.53000000003
2019-08-01,286,64297.02,61161660,Pamela Ansman-Wolfe,1400000.0,4.592644285714285,-1335702.98
2019-08-01,287,131520.91,139397894,Shu Ito,9000000.0,1.4613434444444444,-8868479.09
2019-08-01,288,201741.89,399771412,José Saraiva,500000.0,40.348378000000004,-298258.11
2019-08-01,289,188606.97,987554265,David Campbell,850000.0,22.189055294117647,-661393.03
2019-08-01,290,111401.20999999999,982310417,Amy Alberts,1000000.0,11.140120999999999,-888598.79
2019-08-01,291,285712.49,668991357,Jae Pak,200000.0,142.856245,85712.48999999999
2019-08-01,292,711243.3099999999,134219713,Ranjit Varkey Chudukatil,700000.0,101.60618714285714,11243.30999999994
2019-08-01,293,127794.11,90836195,Tete Mensa-Annan,400000.0,31.9485275,-272205.89
2019-08-01,295,192177.58000000002,954276278,Rachel Valdez,300000.0,64.05919333333334,-107822.41999999998
2019-08-01,296,145995.97999999998,758596752,Lynn Tsoflias,50000.0,291.99195999999995,95995.97999999998
2019-09-01,272,88615.83,502097814,Stephen Jiang,3000000.0,2.953861,-2911384.17
2019-09-01,281,534258.97,841560125,Michael Blythe,500000.0,106.851794,34258.96999999997
2019-09-01,282,343136.42,191644724,Linda Mitchell,900000.0,38.12626888888889,-556863.5800000001
2019-09-01,283,422251.21,615389812,Jillian Carson,300000.0,140.75040333333334,122251.21000000002
2019-09-01,284,182189.21,234474252,Garrett Vargas,750000.0,24.291894666666668,-567810.79
2019-09-01,285,218382.19999999998,716374314,Tsvi Reiter,300000.0,72.79406666666665,-81617.80000000002
2019-09-01,286,187613.09,61161660,Pamela Ansman-Wolfe,1500000.0,12.507539333333334,-1312386.91
2019-09-01,287,269700.34,139397894,Shu Ito,800000.0,33.712542500000005,-530299.6599999999
2019-09-01,288,473834.82,399771412,José Saraiva,600000.0,78.97247,-126165.18
2019-09-01,289,182682.48,987554265,David Campbell,1000000.0,18.268248,-817317.52
2019-09-01,290,35464.35,982310417,Amy Alberts,1000000.0,3.546435,-964535.65
2019-09-01,291,431559.69,668991357,Jae Pak,700000.0,61.651384285714286,-268440.31
2019-09-01,292,199504.56,134219713,Ranjit Varkey Chudukatil,50000.0,399.00912,149504.56
2019-09-01,293,173670.43,90836195,Tete Mensa-Annan,500000.0,34.734086,-326329.57
2019-09-01,294,117706.36,481044938,Syed Abbas,75000.0,156.94181333333333,42706.36
2019-09-01,295,131853.24,954276278,Rachel Valdez,100000.0,131.85323999999997,31853.23999999999
2019-09-01,296,160976.15,758596752,Lynn Tsoflias,50000.0,321.9523,110976.15
2019-10-01,272,1946.01,502097814,Stephen Jiang,2000000.0,0.0973005,-1998053.99
2019-10-01,281,222459.18,841560125,Michael Blythe,500000.0,44.491836,-277540.82
2019-10-01,282,209396.53,191644724,Linda Mitchell,800000.0,26.174566249999998,-590603.47
2019-10-01,283,243341.88,615389812,Jillian Carson,100000.0,243.34188,143341.88
2019-10-01,284,13416.75,234474252,Garrett Vargas,500000.0,2.68335,-486583.25
2019-10-01,285,153459.86000000002,716374314,Tsvi Reiter,100000.0,153.45986000000002,53459.860000000015
2019-10-01,286,112059.06,61161660,Pamela Ansman-Wolfe,1000000.0,11.205906,-887940.94
2019-10-01,287,312258.14,139397894,Shu Ito,700000.0,44.60830571428572,-387741.86
2019-10-01,288,116260.85,399771412,José Saraiva,500000.0,23.25217,-383739.15
2019-10-01,289,118132.8,987554265,David Campbell,500000.0,23.626559999999998,-381867.2
2019-10-01,290,323.99,982310417,Amy Alberts,500000.0,0.06479800000000001,-499676.01
2019-10-01,291,389588.99,668991357,Jae Pak,700000.0,55.65557,-310411.01
2019-10-01,292,53905.17,134219713,Ranjit Varkey Chudukatil,50000.0,107.81034000000001,3905.1699999999983
2019-10-01,293,98281.24,90836195,Tete Mensa-Annan,300000.0,32.76041333333333,-201718.76
2019-10-01,295,193028.68,954276278,Rachel Valdez,150000.0,128.68578666666664,43028.67999999999
2019-10-01,296,55341.3,758596752,Lynn Tsoflias,50000.0,110.68260000000001,5341.300000000003
2019-11-01,272,90810.09999999999,502097814,Stephen Jiang,2500000.0,3.6324039999999993,-2409189.9
2019-11-01,281,407009.31,841560125,Michael Blythe,500000.0,81.40186200000001,-92990.69
2019-11-01,282,568603.17,191644724,Linda Mitchell,700000.0,81.22902428571429,-131396.82999999996
2019-11-01,283,225681.27,615389812,Jillian Carson,300000.0,75.22708999999999,-74318.73000000001
2019-11-01,284,204343.43,234474252,Garrett Vargas,400000.0,51.085857499999996,-195656.57
2019-11-01,285,231810.12,716374314,Tsvi Reiter,200000.0,115.90506,31810.119999999995
2019-11-01,286,53947.91,61161660,Pamela Ansman-Wolfe,1000000.0,5.394791000000001,-946052.09
2019-11-01,287,99986.78,139397894,Shu Ito,600000.0,16.66446333333333,-500013.22
2019-11-01,288,170325.17,399771412,José Saraiva,400000.0,42.5812925,-229674.83
2019-11-01,289,106379.79000000001,987554265,David Campbell,400000.0,26.594947500000004,-293620.20999999996
2019-11-01,290,54515.71,982310417,Amy Alberts,800000.0,6.81446375,-745484.29
2019-11-01,291,230123.87,668991357,Jae Pak,200000.0,115.06193499999999,30123.869999999995
2019-11-01,292,617173.06,134219713,Ranjit Varkey Chudukatil,500000.0,123.43461200000002,117173.06000000006
2019-11-01,293,121366.3,90836195,Tete Mensa-Annan,400000.0,30.341575,-278633.7
2019-11-01,294,2860.88,481044938,Syed Abbas,100000.0,2.86088,-97139.12
2019-11-01,295,184137.18,954276278,Rachel Valdez,150000.0,122.75811999999999,34137.17999999999
2019-11-01,296,121363.98,758596752,Lynn Tsoflias,75000.0,161.81864,46363.979999999996
2019-12-01,281,368720.71,841560125,Michael Blythe,500000.0,73.744142,-131279.28999999998
2019-12-01,282,290252.53,191644724,Linda Mitchell,600000.0,48.375421666666675,-309747.47
2019-12-01,283,326183.32,615389812,Jillian Carson,325000.0,100.36409846153846,1183.320000000007
2019-12-01,284,202973.27,234474252,Garrett Vargas,650000.0,31.226656923076924,-447026.73
2019-12-01,285,185055.12,716374314,Tsvi Reiter,350000.0,52.87289142857142,-164944.88
2019-12-01,286,179036.11000000002,61161660,Pamela Ansman-Wolfe,1000000.0,17.903611,-820963.89
2019-12-01,287,230458.24,139397894,Shu Ito,500000.0,46.091648,-269541.76
2019-12-01,288,275986.85,399771412,José Saraiva,250000.0,110.39473999999998,25986.849999999977
2019-12-01,289,144602.6,987554265,David Campbell,600000.0,24.100433333333335,-455397.4
2019-12-01,290,220927.6,982310417,Amy Alberts,500000.0,44.18552,-279072.4
2019-12-01,291,510043.0,668991357,Jae Pak,500000.0,102.0086,10043.0
2019-12-01,292,140311.17,134219713,Ranjit Varkey Chudukatil,100000.0,140.31117,40311.17000000001
2019-12-01,293,127382.26,90836195,Tete Mensa-Annan,500000.0,25.476452,-372617.74
2019-12-01,294,31157.99,481044938,Syed Abbas,200000.0,15.578995,-168842.01
2019-12-01,295,97990.79,954276278,Rachel Valdez,200000.0,48.995394999999995,-102009.21
2019-12-01,296,185889.74,758596752,Lynn Tsoflias,100000.0,185.88974,85889.73999999999
2020-01-01,272,71119.51,502097814,Stephen Jiang,1250000.0,5.6895608,-1178880.49
2020-01-01,281,161919.6,841560125,Michael Blythe,300000.0,53.9732,-138080.4
2020-01-01,282,117710.71,191644724,Linda Mitchell,500000.0,23.542142000000002,-382289.29
2020-01-01,283,165474.58,615389812,Jillian Carson,100000.0,165.47458,65474.57999999999
2020-01-01,284,17271.600000000002,234474252,Garrett Vargas,200000.0,8.6358,-182728.4
2020-01-01,285,113561.29000000001,716374314,Tsvi Reiter,200000.0,56.78064500000001,-86438.70999999999
2020-01-01,286,112971.03,61161660,Pamela Ansman-Wolfe,850000.0,13.290709411764706,-737028.97
2020-01-01,287,212602.72,139397894,Shu Ito,400000.0,53.15068000000001,-187397.28
2020-01-01,288,80604.59,399771412,José Saraiva,250000.0,32.241836,-169395.41
2020-01-01,289,100843.15000000001,987554265,David Campbell,250000.0,40.33726,-149156.84999999998
2020-01-01,290,323.99,982310417,Amy Alberts,500000.0,0.06479800000000001,-499676.01
2020-01-01,291,219460.4,668991357,Jae Pak,50000.0,438.9208,169460.4
2020-01-01,292,40856.2,134219713,Ranjit Varkey Chudukatil,200000.0,20.4281,-159143.8
2020-01-01,293,73740.64,90836195,Tete Mensa-Annan,300000.0,24.580213333333333,-226259.36
2020-01-01,294,3936.02,481044938,Syed Abbas,25000.0,15.744079999999999,-21063.98
2020-01-01,295,112348.03,954276278,Rachel Valdez,100000.0,112.34803,12348.029999999999
2020-01-01,296,59443.44,758596752,Lynn Tsoflias,100000.0,59.44344,-40556.56
2020-02-01,281,318543.71,841560125,Michael Blythe,400000.0,79.63592750000001,-81456.28999999998
2020-02-01,282,499364.86,191644724,Linda Mitchell,600000.0,83.22747666666666,-100635.14000000001
2020-02-01,283,167579.07,615389812,Jillian Carson,200000.0,83.789535,-32420.929999999993
2020-02-01,284,117195.18000000001,234474252,Garrett Vargas,300000.0,39.06506,-182804.82
2020-02-01,285,188539.7,716374314,Tsvi Reiter,200000.0,94.26985,-11460.299999999988
2020-02-01,286,32837.33,61161660,Pamela Ansman-Wolfe,950000.0,3.4565610526315793,-917162.67
2020-02-01,287,85873.5,139397894,Shu Ito,500000.0,17.1747,-414126.5
2020-02-01,288,110760.36,399771412,José Saraiva,300000.0,36.92012,-189239.64
2020-02-01,289,83625.97,987554265,David Campbell,350000.0,23.893134285714286,-266374.03
2020-02-01,290,42041.65,982310417,Amy Alberts,500000.0,8.40833,-457958.35
2020-02-01,291,205601.34,668991357,Jae Pak,500000.0,41.120267999999996,-294398.66000000003
2020-02-01,292,466570.6,134219713,Ranjit Varkey Chudukatil,300000.0,155.52353333333332,166570.59999999998
2020-02-01,293,162756.22,90836195,Tete Mensa-Annan,400000.0,40.689055,-237243.78
2020-02-01,294,1376.99,481044938,Syed Abbas,50000.0,2.75398,-48623.01
2020-02-01,295,144162.97,954276278,Rachel Valdez,150000.0,96.10864666666666,-5837.029999999999
2020-02-01,296,75124.6,758596752,Lynn Tsoflias,10000.0,751.2460000000001,65124.600000000006
2020-03-01,272,1414.24,502097814,Stephen Jiang,2000000.0,0.070712,-1998585.76
2020-03-01,281,248157.97,841560125,Michael Blythe,500000.0,49.631594,-251842.03
2020-03-01,282,237673.21,191644724,Linda Mitchell,800000.0,29.709151249999998,-562326.79
2020-03-01,283,278365.71,615389812,Jillian Carson,250000.0,111.34628400000001,28365.71000000002
2020-03-01,284,111109.40000000001,234474252,Garrett Vargas,400000.0,27.777350000000002,-288890.6
2020-03-01,285,181959.25,716374314,Tsvi Reiter,200000.0,90.979625,-18040.75
2020-03-01,286,142219.81,61161660,Pamela Ansman-Wolfe,1050000.0,13.54474380952381,-907780.19
2020-03-01,287,189817.96,139397894,Shu Ito,600000.0,31.636326666666665,-410182.04000000004
2020-03-01,288,310931.14,399771412,José Saraiva,350000.0,88.83746857142857,-39068.859999999986
2020-03-01,289,109955.57,987554265,David Campbell,450000.0,24.43457111111111,-340044.43
2020-03-01,290,53500.15,982310417,Amy Alberts,500000.0,10.70003,-446499.85
2020-03-01,291,353918.0,668991357,Jae Pak,500000.0,70.7836,-146082.0
2020-03-01,292,88587.36,134219713,Ranjit Varkey Chudukatil,200000.0,44.29368,-111412.64
2020-03-01,293,151149.05,90836195,Tete Mensa-Annan,400000.0,37.7872625,-248850.95
2020-03-01,295,81784.56,954276278,Rachel Valdez,150000.0,54.52304,-68215.44
2020-03-01,296,200639.57,758596752,Lynn Tsoflias,100000.0,200.63957000000002,100639.57
2020-04-01,272,41336.65,502097814,Stephen Jiang,2000000.0,2.0668325000000003,-1958663.35
2020-04-01,281,196655.96,841560125,Michael Blythe,600000.0,32.77599333333333,-403344.04000000004
2020-04-01,282,232334.96,191644724,Linda Mitchell,900000.0,25.814995555555555,-667665.04
2020-04-01,283,214341.34,615389812,Jillian Carson,250000.0,85.736536,-35658.66
2020-04-01,284,4822.61,234474252,Garrett Vargas,500000.0,0.964522,-495177.39
2020-04-01,285,110957.71,716374314,Tsvi Reiter,200000.0,55.478855,-89042.29
2020-04-01,286,156339.38,61161660,Pamela Ansman-Wolfe,950000.0,16.456776842105263,-793660.62
2020-04-01,287,267169.33,139397894,Shu Ito,700000.0,38.16704714285714,-432830.67
2020-04-01,288,110090.42,399771412,José Saraiva,400000.0,27.522605,-289909.58
2020-04-01,289,128997.76,987554265,David Campbell,400000.0,32.24944,-271002.24
2020-04-01,290,1784.5,982310417,Amy Alberts,750000.0,0.2379333333333333,-748215.5
2020-04-01,291,370602.3,668991357,Jae Pak,100000.0,370.6023,270602.3
2020-04-01,292,54695.32,134219713,Ranjit Varkey Chudukatil,300000.0,18.231773333333333,-245304.68
2020-04-01,293,102930.67,90836195,Tete Mensa-Annan,500000.0,20.586134,-397069.33
2020-04-01,295,162217.63,954276278,Rachel Valdez,150000.0,108.14508666666667,12217.630000000005
2020-04-01,296,58814.29,758596752,Lynn Tsoflias,100000.0,58.81429,-41185.71
2020-05-01,272,98478.6,502097814,Stephen Jiang,2500000.0,3.9391439999999998,-2401521.4
2020-05-01,281,244075.18,841560125,Michael Blythe,700000.0,34.86788285714286,-455924.82
2020-05-01,282,525376.1,191644724,Linda Mitchell,1000000.0,52.53761,-474623.9
2020-05-01,283,210719.09,615389812,Jillian Carson,300000.0,70.23969666666666,-89280.91
2020-05-01,284,175108.92,234474252,Garrett Vargas,400000.0,43.77723,-224891.08
2020-05-01,285,262262.46,716374314,Tsvi Reiter,200000.0,131.13123000000002,62262.46000000002
2020-05-01,286,57072.7,61161660,Pamela Ansman-Wolfe,850000.0,6.714435294117646,-792927.3
2020-05-01,287,101628.18000000001,139397894,Shu Ito,800000.0,12.7035225,-698371.82
2020-05-01,288,198679.47,399771412,José Saraiva,450000.0,44.15099333333333,-251320.53
2020-05-01,289,110995.96,987554265,David Campbell,500000.0,22.199192,-389004.04
2020-05-01,290,672.29,982310417,Amy Alberts,1000000.0,0.067229,-999327.71
2020-05-01,291,221286.09,668991357,Jae Pak,750000.0,29.504811999999998,-528713.91
2020-05-01,292,608336.73,134219713,Ranjit Varkey Chudukatil,200000.0,304.168365,408336.73
2020-05-01,293,203820.54,90836195,Tete Mensa-Annan,500000.0,40.764108,-296179.45999999996
2020-05-01,294,17070.09,481044938,Syed Abbas,100000.0,17.07009,-82929.91
2020-05-01,295,194027.03,954276278,Rachel Valdez,150000.0,129.35135333333335,44027.03
2020-05-01,296,98998.03,758596752,Lynn Tsoflias,100000.0,98.99803,-1001.9700000000012
